name.firstName,name.lastName,age,address.line1,address.line2,address.city,address.state,gender
Rohit,Prasad,35,A-563 Rakshak Society,New Pune Road,Pune,Maharashtra,male
Sneha,Sharma,28,123 MG Road,Connaught Place,Delhi,Delhi,female
Amit,Verma,42,45 Green Park,Alambagh,Lucknow,Uttar Pradesh,male
Priya,Nair,31,9B Orchid Apartments,Marine Drive,Kochi,Kerala,female
Karan,Patel,26,11 Sunrise Residency,Satellite,Ahmedabad,Gujarat,male
Ritu,Mehra,29,22 Lake View Towers,Mansarovar,Jaipur,Rajasthan,female
Arjun,Das,38,14 Harmony Complex,New Town,Kolkata,West Bengal,male
Neha,Reddy,27,6A Palm Meadows,Banjara Hills,Hyderabad,Telangana,female
Vikas,Banerjee,33,101 Silver Heights,MP Nagar,Bhopal,Madhya Pradesh,male
Anita,Chauhan,40,17 Maple Residency,Sec 22,Chandigarh,Chandigarh,female
Siddharth,Iyer,25,72 Rose Apartments,Andheri,Mumbai,Maharashtra,male
Pooja,Gupta,37,4 Lotus Enclave,Noida Sector 15,Noida,Uttar Pradesh,female
Deepak,Pillai,34,88 Sea View,Chackai,Thiruvananthapuram,Kerala,male
Divya,Joshi,30,17 Pearl Residency,Anna Nagar,Chennai,Tamil Nadu,female
Rahul,Singh,28,92 Elegant Heights,Hinjewadi,Pune,Maharashtra,male
Kavita,Bhat,33,128 Elite Plaza,New Airport Road,Surat,Gujarat,female
Rakesh,Chatterjee,44,79 Coral Apartments,Park Street,Kolkata,West Bengal,male
Shreya,Yadav,26,47 Hill View,Ameerpet,Hyderabad,Telangana,female
Nitin,Iyer,39,38 Blossom Residency,Bandra,Mumbai,Maharashtra,male
Meena,Verma,41,92 Diamond Arcade,Lalbagh,Lucknow,Uttar Pradesh,female
Arjun,Reddy,36,18 Spring Meadows,Madhapur,Hyderabad,Telangana,male
Sneha,Das,29,24 Rainbow Residency,Kaloor,Kochi,Kerala,female
Rohit,Gupta,35,90 Garden Park,Gulmohar,Indore,Madhya Pradesh,male
Priya,Patel,27,78 Sunshine Towers,Maninagar,Ahmedabad,Gujarat,female
Rakesh,Banerjee,45,122 Green Valley,Belikha,Patna,Bihar,male
Pooja,Mehta,33,55 Lotus Residency,Karol Bagh,Delhi,Delhi,female
Ritu,Shetty,30,104 Coral Residency,Jubilee Hills,Hyderabad,Telangana,female
Siddharth,Nair,40,115 Orchid Heights,Vyttila,Kochi,Kerala,male
Amit,Joshi,38,119 Pine Meadows,Chanakyapuri,Delhi,Delhi,male
Neha,Pillai,29,28 Pearl Residency,Kovalam,Thiruvananthapuram,Kerala,female
Karan,Reddy,32,203 Hill View,Hitech City,Hyderabad,Telangana,male
Nitin,Gupta,36,33 Silver Apartments,Noida Sector 63,Noida,Uttar Pradesh,male
Deepak,Prasad,44,85 Green Courts,Kothrud,Pune,Maharashtra,male
Rohit,Yadav,25,67 Dream Enclave,Ashok Nagar,Bhopal,Madhya Pradesh,male
Sneha,Nair,39,77 Blossom Retreat,Edappally,Kochi,Kerala,female
Arjun,Mehra,31,91 Royal Towers,Adyar,Chennai,Tamil Nadu,male
Divya,Reddy,38,11 Sky View,Shivaji Nagar,Pune,Maharashtra,female
Karan,Verma,27,95 Sea Pearl Apartments,Versova,Mumbai,Maharashtra,male
Neha,Chauhan,30,66 Paradise Heights,Vastrapur,Ahmedabad,Gujarat,female
Pooja,Das,26,44 Coral Towers,Park Street,Kolkata,West Bengal,female
Amit,Prasad,40,29 Garden Residency,Model Town,Delhi,Delhi,male
Priya,Bhat,29,74 Green Valley,Palarivattom,Kochi,Kerala,female
Nitin,Pillai,33,59 Sunrise Residency,Kothamangalam,Kochi,Kerala,male
Deepak,Agarwal,46,102 Residency Plaza,Sec 7,Faridabad,Haryana,male
Kavita,Iyer,34,83 Jasmine Heights,Velachery,Chennai,Tamil Nadu,female
Rahul,Sharma,37,60 Rose Garden,DLF Phase 3,Gurgaon,Haryana,male
Meena,Patel,41,71 Silver View,Maninagar,Ahmedabad,Gujarat,female
Karan,Das,28,78 Serenity Residency,Behala,Kolkata,West Bengal,male
Amit,Reddy,45,50 Maple Residency,Kukatpally,Hyderabad,Telangana,male
Priya,Verma,25,138 Sunshine Enclave,Thane,Mumbai,Maharashtra,female
Ritu,Prasad,32,44 Orchid Towers,Sector 14,Noida,Uttar Pradesh,female
Shreya,Banerjee,30,15 Sky Residency,Ballygunge,Kolkata,West Bengal,female
Vikas,Chatterjee,42,119 Crystal Park,Sec 45,Gurgaon,Haryana,male
Karan,Joshi,35,87 Sunrise Apartments,Indiranagar,Bangalore,Karnataka,male
Divya,Patel,39,36 Palm Residency,Vastral,Ahmedabad,Gujarat,female
Amit,Gupta,43,128 Royal Heights,Sec 18,Noida,Uttar Pradesh,male
Sneha,Iyer,27,21 Bloom Residency,Kottayam,Kochi,Kerala,female
Deepak,Bhat,38,112 Maple View,DLF Phase 2,Gurgaon,Haryana,male
Arjun,Nair,40,11 Sky Residency,Fort,Kochi,Kerala,male
Kavita,Sharma,31,175 River View,MG Road,Indore,Madhya Pradesh,female
Rakesh,Patel,33,210 Lake View,Ambawadi,Ahmedabad,Gujarat,male
Rahul,Mehra,29,56 Villa Residency,Anna Nagar,Chennai,Tamil Nadu,male
Vikas,Pillai,41,82 Green Heaven,Vazhuthacaud,Thiruvananthapuram,Kerala,male
Pooja,Yadav,37,167 Lake Residency,Sec 12,Ghaziabad,Uttar Pradesh,female
Amit,Reddy,40,152 Royal View,Sec 21,Chandigarh,Chandigarh,male
Sneha,Prasad,34,91 Orchid Apartments,Koregaon Park,Pune,Maharashtra,female
Neha,Singh,28,214 Shanti Towers,Vikas Nagar,Lucknow,Uttar Pradesh,female
Rohit,Gupta,46,202 Skylark Residency,Alambagh,Lucknow,Uttar Pradesh,male
Karan,Reddy,32,99 Coral View,Madhapur,Hyderabad,Telangana,male
Priya,Chatterjee,30,37 Bliss Towers,New Town,Kolkata,West Bengal,female
Pooja,Sharma,25,162 Paradise Residency,Hinjewadi,Pune,Maharashtra,female
Deepak,Iyer,39,72 Lotus Residency,Perungudi,Chennai,Tamil Nadu,male
Ritu,Bhat,33,124 Green Blossom,BTM Layout,Bangalore,Karnataka,female
Amit,Das,42,119 Sea View,Chowringhee,Kolkata,West Bengal,male
Priya,Gupta,29,14 Elite Towers,Sec 28,Gurgaon,Haryana,female
Neha,Verma,27,33 Orchid Heights,Bandra,Mumbai,Maharashtra,female
Rakesh,Yadav,35,69 Maple Residency,Saket,Delhi,Delhi,male
Vikas,Nair,41,104 Lake View,Vyttila,Kochi,Kerala,male
Divya,Sharma,25,85 Blossom Towers,Andheri,Mumbai,Maharashtra,female
Kavita,Joshi,37,121 Sea Residency,Adyar,Chennai,Tamil Nadu,female
Amit,Banerjee,38,115 Hill Estates,Sec 20,Chandigarh,Chandigarh,male
Priya,Das,32,142 Coral Towers,New Alipore,Kolkata,West Bengal,female
Sneha,Patel,26,153 Lotus Residency,Ambawadi,Ahmedabad,Gujarat,female
Rohit,Pillai,28,97 Royal Residency,Juhu,Mumbai,Maharashtra,male
Pooja,Chauhan,31,164 Garden Enclave,Model Town,Delhi,Delhi,female
Karan,Sharma,45,72 Maple Heights,Boat Club Road,Pune,Maharashtra,male
Rahul,Bhat,39,187 Sea View,Egmore,Chennai,Tamil Nadu,male
Amit,Yadav,30,115 Harmony Residency,Kalyan,Mumbai,Maharashtra,male
Divya,Mehta,33,22 Sunrise Enclave,Sector 11,Faridabad,Haryana,female
Sneha,Reddy,29,115 Green Park,Madhapur,Hyderabad,Telangana,female
Ritu,Verma,36,188 Lotus Towers,Kothrud,Pune,Maharashtra,female
Priya,Prasad,28,112 Sky Residency,Indiranagar,Bangalore,Karnataka,female
Shreya,Patel,31,176 Harmony Heights,Ellis Bridge,Ahmedabad,Gujarat,female
Rakesh,Iyer,40,149 Coral Residency,Vile Parle,Mumbai,Maharashtra,male
Amit,Gupta,35,210 Orchid Enclave,Noida Sector 22,Noida,Uttar Pradesh,male
Meena,Banerjee,42,77 Green View,Behala,Kolkata,West Bengal,female
